False,260.0 EUR,17:48 02-10,17:48 02-10,new,https://pt.wallapop.com/item/samsung-s22-128g-1054877308 ,qzme1nnxeyjv,wzvygdn377zl,Samsung S22 128g,Tel√©fono impecable.Con protector de pantalla nuevo. Lo vendo pues me han regalado el S23,
False,400.0 EUR,16:56 02-10,16:56 02-10,new,https://pt.wallapop.com/item/movil-1054857912 ,9jdk4vmw1d6k,vjrk0273k9zk,Movil,En buen estado est√° nuevo,
False,350.0 EUR,14:02 02-10,14:02 02-10,new,https://pt.wallapop.com/item/samsung-s23-ultra-leer-1054794124 ,e6582e85ng6o,qzm4750mpozv,SAMSUNG S23 ULTRA ¬°¬°¬°¬°¬°LEER!!!!,Vendo Samsung S23 ULTRA con pantalla rota, para arreglar o para piezas. ,
True,400.0 EUR,10:35 02-10,10:56 02-10,updated,https://pt.wallapop.com/item/samsun-galaxy-s23-ultra-1054668815 ,36e1golr1qjd,v4z4y20yxwzy,Samsun galaxy s23 Ultra ,Se vende Samsung Galaxy S23 de 512 gb en muy buenas condiciones, el movil funciona perfectamente, y esta en perfecto estado, solo tiene un prque√±o rayajo en la pantalla, casi imperceptible (ultima foto) y con protector de pantalla no se nota.	Posibilidad de entregar la caja mas adelante.,
False,400.0 EUR,10:16 02-10,10:17 02-10,new,https://pt.wallapop.com/item/samsung-s23-1054649586 ,4z4e3r51pmjy,npj9gw3yrk6e,SAMSUNG S23,Samsung Galaxy S23 en su caja con accesorios, en perfectas condiciones.,
False,240.0 EUR,09:39 02-10,16:53 02-10,updated,https://pt.wallapop.com/item/iphone-12-128gb-1054615249 ,mzn2me1k3gzn,owzyx4y45565,iPhone 12 128gb,‚úÖFunciona perfectamenteüíà	üìåBater√≠a nueva salud 100%üîã	üìåPantalla nueva oled GX (exacta a la original)	üìåNo funciona face id‚ùå	üìåCon cargador sin caja	üìåSe hacen env√≠os por wallapop üöö					Apple IPhone piezas rotos 6 65 7 8 plus placa base XS Max XR 11 12 13 pro pantalla c√°mara bater√≠a altavoz bater√≠as lote pack chasis carcasa tapa trasera cristal trasero MacBook IPad Wach	Samsung S20 S21 reparar, arreglar.	Iphone x,xs,xs max,11,11pro,11pro max,12,12 pro,12 pro max,13,13pro,13 pro max,14,14 pro,14 pro max,15,15 pro,15 pro max,16,16 pro,16 pro max,samsung s21,s22,s23,s24,ultra,roto,nuevo,barato,pixel 7,pixel 8,pixel 6,pixel 9,xl,realm,
False,400.0 EUR,22:20 01-10,22:42 01-10,updated,https://pt.wallapop.com/item/telefono-1054536900 ,e6582rev826o,w673o295d8jx,Telefono,Vendo telefono s23+ en buen estado 512 GB,
False,350.0 EUR,22:12 01-10,22:12 01-10,new,https://pt.wallapop.com/item/samsung-galaxy-s23-ultra-256gb-1054534898 ,pzp2355n49j3,8z8q1xm04rz3,Samsung Galaxy s23 ultra 256GB,tel√©fono con pantalla rota aunque el t√°ctil funciona perfectamente al igual que todo lo dem√°s solo da√±o est√©tico en pantalla se puede ver y probar sin compromiso entrega en mano o previo pago no env√≠o por Wallapop ,
True,300.0 EUR,20:30 01-10,21:16 01-10,updated,https://pt.wallapop.com/item/samsung-s23-ultra-512-pantalla-rota-1054507593 ,3zl8xdkvkn6x,qzm47n4xmxzv,Samsung s23 ultra 512 pantalla rota,Vendo samsung s23 ultra de 512gb y 12gb de ram comprado con factura del 23-7-2023 con garantia. Tiene el cristal delantero roto pero funciona perfecto. lleva protectores de camara, caja, cable, etc. Lo he llevado asi 6 meses sin problemas. Resto perfecto estado con varias fundas y protectores. En la garantia oficial son 260e cambiarlo		Entrega en mano o envio a toda espa√±a	Whatsapp 662125023,
False,395.0 EUR,19:59 01-10,19:59 01-10,new,https://pt.wallapop.com/item/samsung-s23-1054498806 ,nzx4vmwr5ej2,36ed2l9p4qjd,Samsung S23 ,samsung s23 color blanco con su caja		,
True,290.0 EUR,15:54 01-10,23:09 01-10,updated,https://pt.wallapop.com/item/samsung-s23-ultra-1054409017 ,wzv4vkro4rzl,wzvygkymoqzl,Samsung s23 ultra,samsung s23 ultra de 256gb para piezas o reparar lo unico que tiene es la pantalla rota por lo demas funciona perfecto es de febrero algo negociable,
True,300.0 EUR,15:09 01-10,21:12 01-10,updated,https://pt.wallapop.com/item/samsung-s23-1054390466 ,x6qm2nlwlyjy,g0j234r1ed6y,Samsung S23,Samsung S23 en perfecto estado,
False,400.0 EUR,13:23 01-10,13:24 01-10,new,https://pt.wallapop.com/item/samsung-s23-256gb-1054354539 ,36e1ge2lknjd,vjrdomy5346k,Samsung s23 256gb ,Samsung s23 sem marcas de uso.Com 2 capas de oferta,
False,400.0 EUR,11:52 01-10,11:52 01-10,new,https://pt.wallapop.com/item/s23-ultra-1054315103 ,nz04xye9v7jo,nzxlp9ydn5z2,S23 ultra,se vende s23 ultra 256 gb con pantalla rota,
False,390.0 EUR,11:07 01-10,09:52 02-10,updated,https://pt.wallapop.com/item/aspira-y-friega-irobot-roomba-j7-plus-combo-autova-1054288212 ,9jdk4e0xv46k,ejk4kmknq1zx,Aspira y friega iRobot roomba J7 plus combo autova,iRobot Roomba Combo j7 Robot Aspirador y friegasuelos 2 en 1  Pa√±o retr√°ctil con conexi√≥n Wi-Fi y app roomba pared virtual incluido en el precio		‚Ä¢ Estaci√≥n de carga Clean Base + vaciado autom√°tico de la suciedad		‚Ä¢‚Ä¢‚Ä¢4 horas de uso ( ver ultima foto)‚Ä¢‚Ä¢‚Ä¢		fotos reales del producto		MAS MODELOS Y PRECIOS EN MI PERFIL		COMBO Aspira y pasa la mopa		MIENTRAS ESTE EL ANUNCIO SIGUE DISPONIBLE		‚Ä¢Gran potencia de absorci√≥n		‚Ä¢ Ideal para pelos de mascotas		‚Ä¢ Gran autonom√≠a de 75h, despu√©s recarga sola y reanuda el trabajo.		‚Ä¢ Navegaci√≥n Inteligente		‚Ä¢ Potencia de succi√≥n 10 veces superior		‚Ä¢ Mapeado avanzado			Palabras gancho: dayson v11 v12 v15 appel samsung s23 s24 iphone 14 15 16 pro max conga cecotec conga play station 5 limpieza hogar integral trabajo sofa tarisma paquet karcheras aspiradora,
False,240.0 EUR,21:30 30-09,11:45 02-10,updated,https://pt.wallapop.com/item/iphone-12-128gb-azul-nueva-1054147555 ,p6141q8n8g65,nzx5rdp07p62,Iphone 12 128gb azul üîãNUEVA,-Face id ‚ùå	-iCloud libre‚úÖ	-Bateria al 100%üîã	-Capacidad de 128gb	-Pantalla nueva oled	-Con cargador 5w y cable	-Sin caja	-Con funda de regalo		Se puede enviar a toda Espa√±aüöö.											Apple IPhone piezas rotos 6 65 7 8 plus placa base XS Max XR 11 12 13 pro pantalla c√°mara bater√≠a altavoz bater√≠as lote pack chasis carcasa tapa trasera cristal trasero MacBook IPad Wach	Samsung S20 S21 reparar, arreglar.	Iphone x,xs,xs max,11,11pro,11pro max,12,12 pro,12 pro max,13,13pro,13 pro max,14,14 pro,14 pro max,15,15 pro,15 pro max,16,16 pro,16 pro max,samsung s21,s22,s23,s24, ultra,roto,nuevo,barato,pixel 7,pixel 8,pixel 6,pixel 9,xl,realm,
False,399.0 EUR,02:02 30-09,02:02 30-09,new,https://pt.wallapop.com/item/iphone-12-pro-128-gb-negro-1053795780 ,qzme1oev01jv,9nz0mgov1vjo,IPHONE 12 PRO 128 GB NEGRO,Buenas soy Vicente, 7 a√±os de experiencia en telefon√≠a m√≥vil.	Mi n√∫mero (653309133)	ORIGINALES	Con factura y garant√≠a.	SE ACEPTA  PAGO EN TARJETA, EFECTIVO , TRANSFERENCIA, BIZUM INGRESO 	POSIBILIDAD  DE ENVIO EN 24 HORAS!!	POSIBILIDAD DE RESERVA!!	FINANCIACI√ìN  EN 3 6 9 O 12 MESES!!	Aceptamos moviles como parte de pago.	IPHONE 14 IPHONE 13 IPHONE 12 IPHONE 11 Y OTROS MODELOS 	SAMSUNG S23 SAMSUNG S22 SAMSUNG S21 SAMSUNG S20 Y OTROS MODELOS,
False,325.0 EUR,02:01 30-09,02:01 30-09,new,https://pt.wallapop.com/item/iphone-12-64-gb-negro-1053795738 ,4z4e3nerkmjy,9nz0mgov1vjo,IPHONE 12 64 GB NEGRO ,Buenas soy Vicente, 7 a√±os de experiencia en telefon√≠a m√≥vil.	Mi n√∫mero (653309133)	ORIGINALES	Con factura y garant√≠a.	SE ACEPTA  PAGO EN TARJETA, EFECTIVO , TRANSFERENCIA, BIZUM INGRESO 	POSIBILIDAD  DE ENVIO EN 24 HORAS!!	POSIBILIDAD DE RESERVA!!	FINANCIACI√ìN  EN 3 6 9 O 12 MESES!!	Aceptamos moviles como parte de pago.	IPHONE 14 IPHONE 13 IPHONE 12 IPHONE 11 Y OTROS MODELOS 	SAMSUNG S23 SAMSUNG S22 SAMSUNG S21 SAMSUNG S20 Y OTROS MODELOS,
False,329.0 EUR,01:59 30-09,02:00 30-09,updated,https://pt.wallapop.com/item/iphone-12-lila-impolutos-1053795707 ,p6141k4eed65,9nz0mgov1vjo,IPHONE 12 LILA IMPOLUTOS ,Buenas soy Vicente, 7 a√±os de experiencia en telefon√≠a m√≥vil.	Mi n√∫mero (653309133)	ORIGINALES	Con factura y garant√≠a.	SE ACEPTA  PAGO EN TARJETA, EFECTIVO , TRANSFERENCIA, BIZUM INGRESO 	POSIBILIDAD  DE ENVIO EN 24 HORAS!!	POSIBILIDAD DE RESERVA!!	FINANCIACI√ìN  EN 3 6 9 O 12 MESES!!	Aceptamos moviles como parte de pago.	IPHONE 14 IPHONE 13 IPHONE 12 IPHONE 11 Y OTROS MODELOS 	SAMSUNG S23 SAMSUNG S22 SAMSUNG S21 SAMSUNG S20 Y OTROS MODELOS,
False,345.0 EUR,01:55 30-09,01:55 30-09,new,https://pt.wallapop.com/item/samsung-a55-128-gb-5g-nuevo-1053795638 ,4z4e3ner0ljy,9nz0mgov1vjo,SAMSUNG A55 128 GB 5G NUEVO,Buenas soy Vicente, 7 a√±os de experiencia en telefon√≠a m√≥vil.	Mi n√∫mero (653309133)	ORIGINALES	Con factura y garant√≠a.	SE ACEPTA  PAGO EN TARJETA, EFECTIVO , TRANSFERENCIA, BIZUM INGRESO 	POSIBILIDAD  DE ENVIO EN 24 HORAS!!	POSIBILIDAD DE RESERVA!!	FINANCIACI√ìN  EN 3 6 9 O 12 MESES!!	Aceptamos moviles como parte de pago.	IPHONE 14 IPHONE 13 IPHONE 12 IPHONE 11 Y OTROS MODELOS 	SAMSUNG S23 SAMSUNG S22 SAMSUNG S21 SAMSUNG S20 Y OTROS MODELOS,
False,229.0 EUR,01:53 30-09,01:53 30-09,new,https://pt.wallapop.com/item/samsung-a35-nuevo-sin-abrir-1053795600 ,e6582p8rqm6o,9nz0mgov1vjo,SAMSUNG A35 NUEVO SIN ABRIR,Buenas soy Vicente, 7 a√±os de experiencia en telefon√≠a m√≥vil.	Mi n√∫mero (653309133)	ORIGINALES	Con factura y garant√≠a.	SE ACEPTA  PAGO EN TARJETA, EFECTIVO , TRANSFERENCIA, BIZUM INGRESO 	POSIBILIDAD  DE ENVIO EN 24 HORAS!!	POSIBILIDAD DE RESERVA!!	FINANCIACI√ìN  EN 3 6 9 O 12 MESES!!	Aceptamos moviles como parte de pago.	IPHONE 14 IPHONE 13 IPHONE 12 IPHONE 11 Y OTROS MODELOS 	SAMSUNG S23 SAMSUNG S22 SAMSUNG S21 SAMSUNG S20 Y OTROS MODELOS,
False,380.0 EUR,23:18 29-09,23:18 29-09,new,https://pt.wallapop.com/item/movil-1053781734 ,8j34o5e2e869,3zlgnxwwlnjx,M√≥vil ,Samsung s23 256gb 8 ram.,
False,400.0 EUR,19:40 29-09,19:40 29-09,new,https://pt.wallapop.com/item/samsung-galaxy-s23---cargador-y-funda-1053727113 ,pj9mqxdexv6e,kmzn3ddgdyjn,Samsung Galaxy S23 + Cargador y Funda,Samsung Galaxy S23 128gb	Nuevo en la caja	Con caja y cable + Funda de calidad	Libre 	NO reacondicionado/NO se le han cambiado piezas ,
True,350.0 EUR,18:43 28-09,18:57 28-09,updated,https://pt.wallapop.com/item/samsung-s23-1053283746 ,8z8k98n2ldz3,4w67d3kl056x,Samsung S23 impecable,S23 blanco impecable ,
False,400.0 EUR,16:57 28-09,16:57 28-09,new,https://pt.wallapop.com/item/samsung-galaxy-s23-1053252356 ,qzme1mw34ljv,36edqmgdynjd,Samsung Galaxy s23,Vendo Samsung Galaxy s23 como nuevo,porque me han regalado otro tel√©fono.	Tiene 8 meses y est√° en garant√≠a todav√≠a.,
False,380.0 EUR,20:06 27-09,10:27 29-09,updated,https://pt.wallapop.com/item/samsung-s23-1053000154 ,nzx4v42oemj2,436ewrrdgn6d,Samsung s23,samsung s23 rosa 128gb como nuevo,
True,350.0 EUR,15:19 27-09,21:35 27-09,updated,https://pt.wallapop.com/item/samsung-galaxy-s23-256gb-1052917563 ,36e1g1m22njd,v4z4ep3e4mjy,Samsung Galaxy S23 256GB,Samsung Galaxy S23 256gb, color beige, usado para probar actualizaciones beta, estado impoluto. Cristal templado spigen, reci√©n cambiado. De regalo un par de fundas. Precio no negociable!!	Hago env√≠os por wallapop y fuera tras previo pago!																																	tags: iphone nothing, nothing phone 2a, 2, (2), samsung, galaxy, oppo, google, pixel, pixel 8, pixel 7, 8a, oneplus, vivo, iphone, iphone 16, tel√©fono, android, nothing, huawei, honor, ultra,
False,325.0 EUR,10:15 27-09,21:46 30-09,updated,https://pt.wallapop.com/item/pantalla-samsung-s23-ultra-original-1052823713 ,pj9mqmny326e,kp61n4w50xz5,Pantalla samsung s23 ultra original,pantalla original samsung s23 ultra instalada ,
True,250.0 EUR,09:41 27-09,11:59 27-09,updated,https://pt.wallapop.com/item/samsung-1052811024 ,e65828qgxm6o,w67d4435y56x,Samsung ,Tiene rota la pantalla pero funciona perfectamente ,
False,300.0 EUR,08:11 27-09,22:14 01-10,updated,https://pt.wallapop.com/item/iphone-12-de-128gb-88-salud-de-bateria-1052779801 ,mzn2m2vrkgzn,8x6q0d9g1qzy,IPhone 12 de 128Gb - 88% Salud de Bater√≠a,IPhone 12 con 128Gb de almacenamiento, esta en muy buen estado no tiene ningun golpe ni nada, la salud de bateria es de un 88% y viene con su caja y accesorios como si se hubiese comprado nuevo, tambien regalo fundas.								No leer : Iphone 15, Iphone 12, Iphone 13,Samsung s20,s21,s22,s23,s24	iPhone Apple Samsung S23 ultra iPad AirPods Pro air macbook 128gb 156gb 512gb 1tb 2tb garmin gopro ps5 zfold z fol zflip z flip 4 Watch ultra iMac ordenador en m√≥vil Bos√© mercedes mbw amgmovil regalo iPhone xr 8 12 13 14 15 pro Max samsung s22 s23 ultra c√°mara.,
False,360.0 EUR,18:39 26-09,18:39 26-09,new,https://pt.wallapop.com/item/samsung-s23fe-1052665395 ,ejk8wky749jx,ke65n2lmkp6o,Samsung S23Fe,Tiene meses de vida. Ningun golpe ni rallada. Con funda y protector siempre. Incluyo caja original.,
False,399.0 EUR,18:04 26-09,18:04 26-09,new,https://pt.wallapop.com/item/samsung-s23-5g-8-128gb-negro-1052651546 ,8z8k94dnq1z3,0j2yw0lgnmzy,SAMSUNG S23 5G 8/128GB NEGRO,SAMSUNG S23 5G 8/128GB NEGRO CON CAJA CON FACTURA Y 1 A√ëO DE GARANT√çA. 100% ORIGINAL. CON STOCK. M√ÅS DE 10 A√ëOS DE EXPERIENCIA EN EL SECTOR DE LA TELEFON√çA. PRECIO 399‚Ç¨		¬°NO HACEMOS CAMBIO NI NEGOCIAMOS PRECIO!(NO LO INTENTES PARA NO PERDER TIEMPO). GRACIAS POR LA COMPRENSI√ìN.		Ô£ø DISPONIBILIDAD [SI]	Ô£ø GARANT√çA [SI]	Ô£ø POSIBILIDAD DE ENV√çO [SI]	Ô£ø CAJA Y CARGADOR[SI]		Ubicaci√≥n C/Pages del corro N67-69 (Triana)		Telefono fijo: 954001554 		Whatsapp: 722240537 		Horario: Lunes a s√°bado 10:00 a 14:00 y 17:00 a 21:00,
False,390.0 EUR,23:57 25-09,23:57 25-09,new,https://pt.wallapop.com/item/samsung-galaxy-s23-128-gb-dualsim-1052392110 ,8j34ox309869,pj9ynd9y3m6e,Samsung Galaxy S23, 128 GB, DualSIM,Smartphone Samsung S23, 128 GB, 5G, DualSIM, desbloqueado de f√°brica, pocos meses de uso. Tel√©fono en su caja original, tiene una peque√±a zona agrietada en la esquina superior derecha de la pantalla, de pocos mil√≠metros, que no interfiere en la legibilidad de la pantalla. Marco y panel traseros como nuevos, sin un rasgu√±o. Desempe√±o perfecto. Tiene 3 potentes c√°maras: principal, gran angular y telefoto. Color verde.,
False,400.0 EUR,22:41 25-09,10:11 26-09,updated,https://pt.wallapop.com/item/samsung-s23-1052382548 ,e6582348m06o,8j3yp5ng4169,samsung s23,hola vendo samsung s23 256 gigas con su caja y cargador y 9 fundas  esta como nuevo sin ningun golpe ni ara√±azo simpre pretgido  solo gente seria  por favor  whatsap 651086571 no hago envios solo trato en mano ,
False,280.0 EUR,21:04 25-09,07:18 30-09,updated,https://pt.wallapop.com/item/s23-ultra-service-pack-1052359143 ,vjrqv90v18zk,npj9yrg75o6e,S23 ULTRA - Original, SERVICE PACK ,Pantalla Dynamic AMOLED (LCD / display, ventana t√°ctil / digitalizador) con la carcasa lateral de color negro para Samsung Galaxy S23 Ultra, SM-5918B.		No incluye el adhesivo de montaje.		- REFERENCIA ORIGINAL : GH82-30465A / GH82-30466A,
False,295.0 EUR,19:58 25-09,09:51 02-10,updated,https://pt.wallapop.com/item/aspiradora-irobot-roomba-i8-plus-autovaciado-1052341061 ,pj9mqg1mdm6e,ejk4kmknq1zx,Aspiradora iRobot roomba I8 plus autovaciado,Aspiradora Robot iRobot¬Æ Roomba i8 plus con base de autovaciado		MAS MODELOS Y PRECIOS EN MI PERFIL			‚Ä¢ Perfecto para hogares con mascotas Limpia la suciedad visible, atrapa en su filtro la invisible y pelos de sus mascotas		MIENTRAS ESTE EL ANUNCIO ESTA DISPONIBLE		‚Ä¢ Identifica y evita todo tipo de olost√°culos, como excrementos de mascotas, cables de carga, calcetines etc etc		‚Ä¢ cepillos -rodillos de silicona anti enredos 		‚Ä¢ Navegaci√≥n Adapt¬Æ 3.0 con 	localizaci√≥n visual Se gu√≠a por su inteligencia		‚Ä¢ Potencia de succi√≥n 10 veces superior		‚Ä¢ Mapeado avanzado app se activa desde movil donde se encuentre													Palabras gancho: dayson v11 v12 v15 appel samsung s23 s24 iphone 14 15 16 pro max conga cecotec play station 5 limpieza hogar integral trabajo sofa tarisma paquet fc25 karcher,
False,350.0 EUR,19:12 25-09,22:09 01-10,updated,https://pt.wallapop.com/item/samsung-s23-ultra-256gb-1052326877 ,qjw4vd3pq4zo,7v6g2ew5rmze,Samsung s23 ultra 256gb,Se vende samsung s23 ultra 256 gb en perfecto estado de funcionamiento, esta tal cual las fotos, pero funciona perfectamente! ,
False,235.0 EUR,18:06 25-09,12:26 01-10,updated,https://pt.wallapop.com/item/pantalla-samsung-galaxy-s23-ultra-1052303349 ,mzn2mvkpmyzn,evjrgvyqdw6k,Pantalla Samsung Galaxy S23 Ultra,Se vende pantalla completa con marco negro service pack nueva para Samsung Galaxy S23 Ultra. Precio final, no acepto regateos. Gente seria por favor. Gracias.,
True,320.0 EUR,12:12 25-09,13:35 01-10,updated,https://pt.wallapop.com/item/samsung-galaxy-s23fe-1052177861 ,pj9mqgxvpm6e,qnzx07qnv1z2,SAMSUNG GALAXY S23FE,SE VENDE SAMSUNG S23 FE 	PRECINTADO	128Gb	8 Gb RAM	Precio negociable,
True,300.0 EUR,10:55 25-09,19:36 01-10,updated,https://pt.wallapop.com/item/s23-plus-1052151911 ,0j24kr8klmzy,qnzxl339opz2,Samsung S23 plus ,Se vende es de eeuu el tel√©fono est√° perfecto como se puede apreciar en las fotos,debido a una mala manipulaci√≥n del terminal desaparecio el imei por una posible liberaci√≥n se puede arreglar el arreglo seg√∫n me dijeron sobre 100 euros de ahi el precio  o para piezas el movil funciona sin problema.interesados preguntar  escucho ofertas,
True,280.0 EUR,09:48 25-09,09:41 30-09,updated,https://pt.wallapop.com/item/sansung-galaxi-s23-258-gibais-1052128337 ,pj9mqg5wp26e,9wzvvgkp5rzl,Sansung  galaxi s23 258 gibais ,Sin un ara√±azo,
False,399.0 EUR,12:20 24-09,12:22 24-09,new,https://pt.wallapop.com/item/samsung-galasy-s23-seminuevo-165710-1051826583 ,0j24ky8mvdzy,4z4vnkgp1mzy,SAMSUNG GALASY S23 SEMINUEVO (165710),* * Compra siempre con garant√≠a en CASHREVERSIBLE, tu tienda de segunda mano. Nuestros art√≠culos son de primera, de segunda es la mano. * *,
False,289.0 EUR,23:04 23-09,19:27 28-09,updated,https://pt.wallapop.com/item/tv-led-43-samsung-7175uxxc-4k-1051697729 ,qjw4vek5ywzo,p8j35dnog1z9,TV LED 43" Samsung 7175UXXC, 4K,Pr√°cticamente nueva y en su caja.	Garant√≠a adicional de 2 a√±os le pase lo que le pase.		Acepto como cambio smartphone Samsung Galaxy S23.,
False,350.0 EUR,14:42 23-09,12:28 02-10,updated,https://pt.wallapop.com/item/samsung-galaxy-s23-urge-venta-1051524153 ,qjw4veqy0qzo,xzo8xrn1x569,‚úÖ Samsung Galaxy S23 URGE VENTA!!,‚òëÔ∏èSe vende Samsung Galaxy s23 color rosa  de 128gb en muy buen estado sin ning√∫n rayazo ni golpe externo, se entrega con caja, fundas y cargador.		ü§ù Preferiblemente trato en mano por la zona de Porri√±o o alrededores.		‚ùì Cualquier cosa no dudes en preguntarme.,
False,300.0 EUR,13:40 23-09,06:41 28-09,updated,https://pt.wallapop.com/item/samsung-galaxy-s22-o-s23-ultra-256-1051497975 ,nz04xgr4r3jo,mxzol5pk15z9,Samsung galaxy s22 o s23 ultra 256,Me interesar√≠a comprar alguno de estos tel√©fonos m√≥viles, en  perfecto estado.En un precio  econ√≥mico. ,
False,400.0 EUR,13:13 23-09,20:45 23-09,updated,https://pt.wallapop.com/item/iphone-13-128gb-1051481899 ,nz04xg8gyejo,xzo8v2rpx569,Iphone 13 128gb,Iphone 13 con su caja y accesorios.	Funciona bien, nunca reparado	Ios 18	Salud de bater√≠a 82% 	Cambio por Samsung S23 ultra,
False,400.0 EUR,12:33 23-09,13:28 23-09,updated,https://pt.wallapop.com/item/samsung-galaxy-s-23-1051467566 ,x6qm2kml2ojy,xzo8g408q469,Samsung galaxy S 23,Vendo Samsung galaxy s23 esta en perfecto estado muy bien cuidado No tiene ru√±uzos ni rutura lovendo con su caja pero sin cargador  negociable ,
False,250.0 EUR,18:53 21-09,18:53 21-09,new,https://pt.wallapop.com/item/samsung-s23-ultra-pantalla-1050872391 ,vjrqxl1lq8zk,9wzvyxke01zl,Samsung s23 ultra pantalla,Pantalla samsung s23 ultra service pack.Repuesto original samsung,
False,305.0 EUR,17:52 21-09,17:52 21-09,new,https://pt.wallapop.com/item/samsung-s23-1050851208 ,qzmen2ovngjv,xzo873dew269,Samsung s23,Funcionamiento perfecto,est√©tica,ara√±azos en la pantalla aun q no se aprecia con la pantalla encendida como pod√©is comprobar en las fotos,y marcas de uso en su marc√≥,parte trasera perfecto,305e se le puede quitar 10e como m√°ximo para el env√≠o,nada de regateos,y cambios,apartar del iphone 13 para arriba.,
False,400.0 EUR,16:52 21-09,16:52 21-09,new,https://pt.wallapop.com/item/samsung-s23-ultra-1050829610 ,8j34g38n3y69,8x6qmn3r8ejy,Samsung s23 ultra,Vendo m√≥vil Samsung s23 ultra .. hay que cambiarle la pantalla el software y de sistema va bien .. sirve para pieza o quien le kiera cambiar la pantalla ,
True,390.0 EUR,16:17 21-09,11:02 30-09,updated,https://pt.wallapop.com/item/samsung-galaxy-s23-256gb-1050817289 ,wzv43x4xd7zl,8z8121rkm163,Samsung Galaxy S23 256gb,Se vende Samsung Galaxy S23 de 256gb y 8 de ram. En muy buen estado! Muy bien conservado, color black. Se entrega factura de compra! Con su caja y cable de carga. PRECIO: 390‚Ç¨ NO negocio.	(ACEPTO MOVIL COMO PARTE DE PAGO),
False,380.0 EUR,21:46 20-09,23:41 22-09,updated,https://pt.wallapop.com/item/samsung-s23-1050544436 ,9jdkvomkll6k,4z4vn5mryrzy,Samsung s23,telefono en buen estado,
False,360.0 EUR,00:09 20-09,00:09 20-09,new,https://pt.wallapop.com/item/samsung-galaxy-s23-1050247612 ,9jdkv34p126k,lqzmypg99gzv,Samsung galaxy S23 ,Se vende Samsung Galaxy S23 FE. SM-S711B/DS ORIGINAL 100%, NUEVO A ESTRENAR, SIN ROMPER LOS PRECINTOS. No negociable. Se realizan envios.,
False,350.0 EUR,23:20 19-09,09:52 02-10,updated,https://pt.wallapop.com/item/irobot-roomba-j7-plus-base-de-autovaciado-1050243350 ,pzp27n371mj3,ejk4kmknq1zx,iRobot roomba J7 plus base de autovaciado ,Robot aspirador iRobot¬Æ Roomba 17 + plus con base de autovaciado clean autom√°tico y Panel virtual de regalo		6 minutos de uso ( ver ultima foto )		100x100 original de roomba		‚Ä¢ Ideal para pelos de animales perros gatos etc por los cepillos -rodillos de silicona anti enredos que incopora y la gran potencia de succi√≥n 10 veces superior		‚Ä¢ Identifica y evita todo tipo de obst√°culos, como excrementos de mascotas, cables de carga, calcetines etc etc		‚Ä¢ Gran autonom√≠a de 75 minutos recarga y reanuda el Trabajo		‚Ä¢ Navegaci√≥n inteligente y mapeado avanzado de la casa		MAS MODELOS Y PRECIOS EN MI PERFIL		MIENTRAS ESTE EL ANUNCIO ESTA DISPONIBLE																					Palabras gancho: dayson v11 v12 v15 appel samsung s23 s24 iphone 14 15 16 pro max conga cecotec conga play station 5 limpieza hogar integral trabajo sofa tarisma paquet pelos perros gatos animales karcher,
False,290.0 EUR,18:13 19-09,19:13 19-09,new,https://pt.wallapop.com/item/samsung-s23-1050157305 ,qjw49kr40qzo,vjrd4552mw6k,Samsung s23,buen estado solo marcas del uso condicion 8/10,
False,380.0 EUR,14:29 18-09,00:17 01-10,updated,https://pt.wallapop.com/item/samsung-galaxy-s23-1049714077 ,qjw493xprgzo,dqjwegwvowjo,Samsung galaxy s23,Vendo Samsung galaxy s23 de 256gb el movil esta en perfectas condiciones vendo por que tengo otro. Algo negociable No hacer ofertas est√∫pidas ,
False,400.0 EUR,14:16 18-09,15:12 27-09,updated,https://pt.wallapop.com/item/samsung-galaxy-s23-128gb-1049709633 ,xzo20p5nw769,v9jdn8g1ol6k,Samsung galaxy s23 ‚Ä¢ 128GB ,Samsung galaxy s23 , 128GB en muy buen estado , tiene 1 a√±o de uso , tiene el cable de carga original , precio negociable ,
False,280.0 EUR,06:21 18-09,09:51 02-10,updated,https://pt.wallapop.com/item/irobot-roomba-i7-plus-base-de-autovaciado-1049564525 ,mzn2pnpoq2zn,ejk4kmknq1zx,iRobot roomba I7 plus base de autovaciado,Robot aspirador iRobot¬Æ Roomba 17 plus con base de autovaciado clean base + y Panel virtual incluido en el precio		MIENTRAS ESTE EL ANUNCIO ESTA DISPONIBLE		Fotos reales de la roomba		ideal para azulejos tarisma marmol etc		Proviene de exposiciones eventos		‚Ä¢ Identifica y evita todo tipo de olost√°culos, como excrementos de mascotas, cables de carga, calcetines etc etc		‚Ä¢ Ideal para pelos por los cepillos -rodillos de silicona anti enredos		‚Ä¢ Gran autonom√≠a de 75 minutos recarga y reanuda el Trabajo		‚Ä¢ Potencia de succi√≥n 10 veces superior	‚Ä¢ Navegaci√≥n inteligente y mapeado avanzado de la casa.																		Palabras gancho: dayson v11 v12 v15 appel samsung s23 s24 iphone 14 15 16 pro max conga cecotec conga play station 5 limpieza hogar integral trabajo sofa tarisma paquet aspiradora suelo pelos gatos perros karcher,
False,300.0 EUR,19:48 17-09,19:03 21-09,updated,https://pt.wallapop.com/item/samsung-s23-12gb--256-gb-1049474036 ,9jdkvy2y4l6k,nzx50958ep62,Samsung s23 12GB +256 GB,Relativamente nuevo ya que me han regalado el 24 por mi cumplea√±os por eso lo pongo barato. Viene con funda, auriculares y protector de pantalla,
False,395.0 EUR,22:31 16-09,17:17 02-10,updated,https://pt.wallapop.com/item/samsung-s23-256gb-1049145336 ,9jdkvpkd3d6k,9nz0grxqx7jo,Samsung s23 256gb,Samsung s23 256gb verde		*Factura y garant√≠a por dos a√±os. 		*Regalo 2 fundas transparentes (una especial con MaGsafe). 		*Como nuevo, siempre con funda y cristal templado, (en las fotos es el cristal templado lo que est√° roto), aun conserva los plasticos laterales de las partes metalicas en todo el movil		Entrega en mano en Oviedo, Gijon y Aviles. 		395‚Ç¨ NO NEGOCIABLES,
False,390.0 EUR,14:56 14-09,14:56 14-09,new,https://pt.wallapop.com/item/galaxy-s21-ultra-5g-1048253802 ,pzp27q3xy4j3,pzp9kvmgq963,Galaxy S21 Ultra 5G ,256GB de almacenamiento interno 	12GB de memoria RAM (expandible)	120hz de actualizaci√≥n de pantalla 	Bater√≠a de 5000MAh con carga ultra r√°pida de 45W, excelentes c√°maras dise√±o √∫nico a la generaci√≥n actual	Versi√≥n Internacional Americana con el procesador SNAPDRAGON 888 5G, mejor y m√°s eficiente que el Exynos 2100	Color Phantom Titanium, color exclusivo 	Sin detalles 9.8 de 10 con protecci√≥n Hidrogel en pantalla 	Nota: Acepto cambio por GALAXY S23 Ultra o Google Pixel 8 Pro que est√© en √≥ptimas condiciones 	-Entrego solo en persona ,
False,399.0 EUR,09:26 13-09,14:47 21-09,updated,https://pt.wallapop.com/item/galaxi-s23-1047763288 ,v6ggvr00v56e,xpzprede1k63,Galaxi s23,Galaxi s23 en muy bien estado, siempre con funda. 256Gb entrego con su caja, cristal templado, cargador.No regateos ni ofertas rid√≠culas.,
False,290.0 EUR,21:28 12-09,09:51 02-10,updated,https://pt.wallapop.com/item/aspiradora-irobot-roomba-i7-base-autovaciado-1047655293 ,3zl85p28oq6x,ejk4kmknq1zx,Aspiradora iRobot roomba i7  base autovaciado,Vendo Robot aspirador iRobot¬Æ Roomba I7 plus con base de autovaciado y Panel virtual de regalo		MAS MODELOS Y PRECIOS EN MI PERFIL		Fotos recientes		MIENTRAS ESTE EL ANUNCIO ESTA DISPONIBLE		‚Ä¢ Identifica y evita todo tipo de olost√°culos, como excrementos de mascotas, cables de carga, calcetines etc etc		‚Ä¢ Ideal para pelos por los cepillos -rodillos de silicona anti enredos		‚Ä¢ Gran autonom√≠a de 75 minutos recarga y reanuda el Trabajo		‚Ä¢ Navegaci√≥n Inteligente		‚Ä¢ Potencia de succi√≥n 10 veces superior		‚Ä¢ Mapeado avanzado app		‚Ä¢ Estaci√≥n de carga Clean Base +																						Palabras gancho: dayson v11 v12 v15 appel samsung s23 s24 iphone 14 15 16 pro max conga cecotec conga play station 5 limpieza hogar integral trabajo sofa tarisma paquet ,
False,320.0 EUR,21:21 12-09,01:06 26-09,updated,https://pt.wallapop.com/item/samsung-s23fe-1047653772 ,e658ed13p26o,w67dk8rlg76x,Samsung S23FE,Tel√©fono nuevo , sin uso.,
False,400.0 EUR,14:50 11-09,15:24 02-10,updated,https://pt.wallapop.com/item/samsung-galaxy-s23--1047125731 ,p614d1oplg65,8z8122myn863,Samsung Galaxy S23 +,Caracter√≠sticas principales	Procesador: Qualcomm Snapdragon 8, Gen 2	C√°mara principal: 50 MP	Pantalla: 6,1''	Tipo de bater√≠a: 4700 mAh	Memoria interna: Desde 256 GB	RAM: 8 GB,
False,400.0 EUR,21:18 10-09,08:50 11-09,updated,https://pt.wallapop.com/item/movil-samsung-s23-1046878425 ,mzn2pp0g30zn,36ewnkrv9n6d,Movil samsung s23,Samsung s23 como nuevo!! usado solo por 6 meses	muy rapido, fotocamera muy buena	Rom: 128gb	Ram: 8gb,
False,400.0 EUR,18:32 10-09,18:47 10-09,updated,https://pt.wallapop.com/item/samsung-galaxy-s23-1046827913 ,pj9meemv026e,0v9jd1mnljko,SAMSUNG GALAXY S23,Telefono Samsung Galaxy S23 de 8 GB y 256 de memoria, absolutamente nuevo, siempre con funda y protector de cristal templado, no tengo la caja, pero se regalan 4 o 5 fundas y cargador original. Estado 10 de 10. Fotos increibles. Version con IA,
False,400.0 EUR,08:35 07-09,08:36 07-09,new,https://pt.wallapop.com/item/galaxy-s23-1045485445 ,3zl8501mqp6x,4z4vgx337mzy,Galaxy s23,Galaxy s23. Menos de un a√±o. Funcionamiento perfecto. Dos rasgu√±os. ,
False,310.0 EUR,00:05 06-09,09:52 02-10,updated,https://pt.wallapop.com/item/irobot-roomba-i8-plus-combo-aspira-y-friega-1045104565 ,wzv43g978dzl,ejk4kmknq1zx,iRobot roomba I8 plus combo aspira y friega,Aspiradora Robot iRobot¬Æ Roomba i8 plus combo  con base de autovaciado aspira y pasa la mopa		fotos reales de la roomba		‚Ä¢ Perfecto para hogares con mascotas Limpia la suciedad visible, atrapa en su filtro la invisible y pelos de sus mascotas		MIENTRAS ESTE EL ANUNCIO ESTA DISPONIBLE		‚Ä¢ Identifica y evita todo tipo de olost√°culos, como excrementos de mascotas, cables de carga, calcetines etc etc		‚Ä¢ cepillos -rodillos de silicona anti enredos		‚Ä¢ Navegaci√≥n iAdapt¬Æ 3.0 con localizaci√≥n visual: Se gu√≠a por su inteligencia		‚Ä¢ Mapeado avanzado app																			Palabras gancho: dayson v11 v12 v15 appel samsung s23 s24 iphone 14 15 16 pro max conga cecotec conga play station 5 limpieza hogar integral trabajo sofa tarisma paquet karcher,
False,400.0 EUR,22:59 04-09,18:25 17-09,updated,https://pt.wallapop.com/item/galaxy-s23-1044745819 ,vjrqxrngwwzk,g0j2n1lkqvjy,Galaxy s23 ,Galaxy s23 128g. Negro en perfecto estado, como nuevo,
